Link Name,Center of Mass X,Center of Mass Y,Center of Mass Z,Center of Mass Roll,Center of Mass Pitch,Center of Mass Yaw,Mass,Moment Ixx,Moment Ixy,Moment Ixz,Moment Iyy,Moment Iyz,Moment Izz,Visual X,Visual Y,Visual Z,Visual Roll,Visual Pitch,Visual Yaw,Mesh Filename,Color Red,Color Green,Color Blue,Color Alpha,Collision X,Collision Y,Collision Z,Collision Roll,Collision Pitch,Collision Yaw,Collision Mesh Filename,Material Name,SW Components,Coordinate System,Axis Name,Joint Name,Joint Type,Joint Origin X,Joint Origin Y,Joint Origin Z,Joint Origin Roll,Joint Origin Pitch,Joint Origin Yaw,Parent,Joint Axis X,Joint Axis Y,Joint Axis Z,Limit Effort,Limit Velocity,Limit Lower,Limit Upper,Calibration rising,Calibration falling,Dynamics Damping,Dynamics Friction,Safety Soft Upper,Safety Soft Lower,Safety K Position,Safety K Velocity
base_link,-0.052947,-0.00029352,0.015473,0,0,0,4,0.039019,5.8E-05,-0.001584,0.011839,1E-05,0.045906,0,0,0,0,0,0,package://ZRobot_parts_21dofs24.SLDASM/meshes/base_link.STL,1,1,1,1,0,0,0,0,0,0,package://ZRobot_parts_21dofs24.SLDASM/meshes/base_link.STL,,base_link-2024-1,base_link,,,,0,0,0,0,0,0,,0,0,0,,,,,,,,,,,,
L_hip_roll_link,0.058962,-3.726E-05,-0.001944,0,0,0,1.0785,0.001258,1E-06,1.9E-05,0.00134,1E-06,0.001902,0,0,0,0,0,0,package://ZRobot_parts_21dofs24.SLDASM/meshes/L_hip_roll_link.STL,1,1,1,1,0,0,0,0,0,0,package://ZRobot_parts_21dofs24.SLDASM/meshes/L_hip_roll_link.STL,,L_hip_yaw_link-2024-1,L_hip_roll_link,L_hip_roll_joint,L_hip_roll_joint,continuous,-0.0715,0.135,0.0062,0,0,0,base_link,1,0,0,,,,,,,,,,,,
L_hip_yaw_link,0.00072648,-0.00011298,-0.060736,0,0,0,1.662,0.002535,1E-06,2.1E-05,0.003882,2.5E-05,0.002346,0,0,0,0,0,0,package://ZRobot_parts_21dofs24.SLDASM/meshes/L_hip_yaw_link.STL,1,1,1,1,0,0,0,0,0,0,package://ZRobot_parts_21dofs24.SLDASM/meshes/L_hip_yaw_link.STL,,L_hip_pitch_link-2024-1,L_hip_yaw_link,L_hip_yaw_joint,L_hip_yaw_joint,continuous,0.065,0,-0.022,0,0,0,L_hip_roll_link,0,0,1,,,,,,,,,,,,
L_hip_pitch_link,0.00065662,-0.010121,-0.22956,0,0,0,2.129,0.021648,1E-06,8.1E-05,0.022663,-0.000865,0.002433,0,0,0,0,0,0,package://ZRobot_parts_21dofs24.SLDASM/meshes/L_hip_pitch_link.STL,1,1,1,1,0,0,0,0,0,0,package://ZRobot_parts_21dofs24.SLDASM/meshes/L_hip_pitch_link.STL,,L_thigh_link-2024-1,L_hip_pitch_link,L_hip_pitch_joint,L_hip_pitch_joint,continuous,-3.49322273089925E-05,0.0204999702375277,-0.0670000000000057,0,0,0,L_hip_yaw_link,-0.00170401108835407,0.999998548172051,0,,,,,,,,,,,,
L_knee_link,0.0021929,-0.021086,-0.16657,0,0,0,1.7391,0.014502,1.8E-05,-6.7E-05,0.013687,-0.000982,0.001593,0,0,0,0,0,0,package://ZRobot_parts_21dofs24.SLDASM/meshes/L_knee_link.STL,1,1,1,1,0,0,0,0,0,0,package://ZRobot_parts_21dofs24.SLDASM/meshes/L_knee_link.STL,,L_leg_link-2024-1,L_knee_link,L_knee_joint,L_knee_joint,continuous,0.000313115318114399,0.00500054081190004,-0.299999827583929,0,0,0,L_hip_pitch_link,0.0017040110883775,-0.999998548172051,0,,,,,,,,,,,,
L_foot_pitch_link,4.2612E-05,-0.025,-1.9761E-11,0,0,0,0.0303,4E-06,0,0,4E-06,0,7E-06,0,0,0,0,0,0,package://ZRobot_parts_21dofs24.SLDASM/meshes/L_foot_pitch_link.STL,0.89804,0.91765,0.92941,1,0,0,0,0,0,0,package://ZRobot_parts_21dofs24.SLDASM/meshes/L_foot_pitch_link.STL,,十字轴-2024-1,L_foot_pitch_link,L_foot_pitch_joint,L_foot_pitch_joint,continuous,0,-0.000500000153495384,-0.34999999999962,0,0,0,L_knee_link,0.00170401108836505,-0.999998548172051,0,,,,,,,,,,,,
L_foot_roll_link,0.051071,8.7311E-05,-0.041358,0,0,0,0.7406,0.000416,-3E-06,1.9E-05,0.002107,0,0.002213,0,0,0,0,0,0,package://ZRobot_parts_21dofs24.SLDASM/meshes/L_foot_roll_link.STL,0.89804,0.91765,0.92941,1,0,0,0,0,0,0,package://ZRobot_parts_21dofs24.SLDASM/meshes/L_foot_roll_link.STL,,脚本体-2024-1,L_foot_roll_link,L_foot_roll_joint,L_foot_roll_joint,continuous,-0.0249573271314456,-0.0250425639196625,4.26002772095924E-05,0,0,0,L_foot_pitch_link,0.999997096346211,0.00170400861446901,-0.0017040110883815,,,,,,,,,,,,
R_hip_roll_link,0.058962,-3.726E-05,-0.001944,0,0,0,1.0785,0.001258,1E-06,1.9E-05,0.00134,1E-06,0.001902,0,0,0,0,0,0,package://ZRobot_parts_21dofs24.SLDASM/meshes/R_hip_roll_link.STL,1,1,1,1,0,0,0,0,0,0,package://ZRobot_parts_21dofs24.SLDASM/meshes/R_hip_roll_link.STL,,R_hip_yaw_link-2024-1,R_hip_roll_link,R_hip_roll_joint,R_hip_roll_joint,continuous,-0.0715,-0.135,0.0062,0,0,0,base_link,1,0,0,,,,,,,,,,,,
R_hip_yaw_link,-0.00072648,0.00011298,-0.060736,0,0,0,1.662,0.002535,1E-06,-2.1E-05,0.003882,-2.5E-05,0.002346,0,0,0,0,0,0,package://ZRobot_parts_21dofs24.SLDASM/meshes/R_hip_yaw_link.STL,1,1,1,1,0,0,0,0,0,0,package://ZRobot_parts_21dofs24.SLDASM/meshes/R_hip_yaw_link.STL,,R_hip_pitch_link-2024-1,R_hip_yaw_link,R_hip_yaw_joint,R_hip_yaw_joint,continuous,0.0650000000000006,0,-0.0219999999999896,0,0,0,R_hip_roll_link,0,0,1,,,,,,,,,,,,
R_hip_pitch_link,-0.00065662,0.010121,-0.22956,0,0,0,2.129,0.021648,1E-06,-8.1E-05,0.022663,0.000865,0.002433,0,0,0,0,0,0,package://ZRobot_parts_21dofs24.SLDASM/meshes/R_hip_pitch_link.STL,1,1,1,1,0,0,0,0,0,0,package://ZRobot_parts_21dofs24.SLDASM/meshes/R_hip_pitch_link.STL,,R_thigh_link-2024-1,R_hip_pitch_link,R_hip_pitch_joint,R_hip_pitch_joint,continuous,3.49322273081043E-05,-0.0204999702375275,-0.0670000000000071,0,0,0,R_hip_yaw_link,0.0017040110883879,-0.999998548172051,0,,,,,,,,,,,,
R_knee_link,-0.0017196,0.021192,-0.16676,0,0,0,1.7391,0.014482,8E-06,-0.00037,0.013676,0.00098,0.001605,0,0,0,0,0,0,package://ZRobot_parts_21dofs24.SLDASM/meshes/R_knee_link.STL,1,1,1,1,0,0,0,0,0,0,package://ZRobot_parts_21dofs24.SLDASM/meshes/R_knee_link.STL,,R_leg_link-2024-1,R_knee_link,R_knee_joint,R_knee_joint,continuous,-0.000313115318115953,-0.00500054081189905,-0.299999827583928,0,0,0,R_hip_pitch_link,-0.00170401108838362,0.999998548172051,0,,,,,,,,,,,,
R_foot_pitch_link,-4.2589E-05,0.025,-1.9761E-11,0,0,0,0.0303,4E-06,0,0,4E-06,0,7E-06,0,0,0,0,0,0,package://ZRobot_parts_21dofs24.SLDASM/meshes/R_foot_pitch_link.STL,0.89804,0.91765,0.92941,1,0,0,0,0,0,0,package://ZRobot_parts_21dofs24.SLDASM/meshes/R_foot_pitch_link.STL,,十字轴-2024-2,R_foot_pitch_link,R_foot_pitch_joint,R_foot_pitch_joint,continuous,-0.00806100070657201,0.00048626467137769,-0.349907178855019,0,0,0,R_knee_link,-0.00170401108838948,0.999998548172051,0,,,,,,,,,,,,
R_foot_roll_link,0.051071,8.7311E-05,-0.041358,0,0,0,0.7406,0.000416,-3E-06,1.9E-05,0.002107,0,0.002213,0,0,0,0,0,0,package://ZRobot_parts_21dofs24.SLDASM/meshes/R_foot_roll_link.STL,0.89804,0.91765,0.92941,1,0,0,0,0,0,0,package://ZRobot_parts_21dofs24.SLDASM/meshes/R_foot_roll_link.STL,,脚本体-2024-2,R_foot_roll_link,R_foot_roll_joint,R_foot_roll_joint,continuous,-0.0250425276858648,0.02495736348894,4.26002772095924E-05,0,0,0,R_foot_pitch_link,0.999997096346211,0.00170400861445591,-0.0017040110883815,,,,,,,,,,,,
chest_head_link,0.006015,7.4E-05,0.26859,0,0,0,6.507,0.218018,2.9E-05,-0.009159,0.170463,-7.8E-05,0.074533,0,0,0,0,0,0,package://ZRobot_parts_21dofs24.SLDASM/meshes/chest_head_link.STL,1,1,1,1,0,0,0,0,0,0,package://ZRobot_parts_21dofs24.SLDASM/meshes/chest_head_link.STL,,chest_head_link-2024-1,chest_head_link,chest_head_joint,chest_head_joint,continuous,0,0,0.0527000000000102,0,0,0,base_link,0,0,1,,,,,,,,,,,,
L_shoulder_pitch_link,-0.00031457,0.056857,-0.0028261,0,0,0,1.0253,0.001706,9E-06,1E-06,0.001019,-2.8E-05,0.001321,0,0,0,0,0,0,package://ZRobot_parts_21dofs24.SLDASM/meshes/L_shoulder_pitch_link.STL,1,1,1,1,0,0,0,0,0,0,package://ZRobot_parts_21dofs24.SLDASM/meshes/L_shoulder_pitch_link.STL,,L_shoulder_roll_link-2024-1,L_shoulder_pitch_link,L_shoulder_pitch_joint,L_shoulder_pitch_joint,continuous,0,0.127499999999997,0.330000000000002,0,0,0,chest_head_link,0,1,0,,,,,,,,,,,,
L_shoulder_roll_link,-0.01541,0.0013156,-0.067448,0,0,0,0.5048,0.000638,2E-06,-0.000119,0.000668,5E-06,0.000446,0,0,0,0,0,0,package://ZRobot_parts_21dofs24.SLDASM/meshes/L_shoulder_roll_link.STL,1,1,1,1,0,0,0,0,0,0,package://ZRobot_parts_21dofs24.SLDASM/meshes/L_shoulder_roll_link.STL,,L_shoulder_yaw_link-2024-1,L_shoulder_roll_link,L_shoulder_roll_joint,L_shoulder_roll_joint,continuous,0.0209980227067856,0.0689999999999997,-0.00211967978838579,0,0,0,L_shoulder_pitch_link,-0.999999560849825,0,0.000937176695177002,,,,,,,,,,,,
L_arm_yaw_link,-0.00078101,-0.00066484,-0.10427,0,0,0,0.5279,0.001065,5E-06,-1.3E-05,0.001193,-2.4E-05,0.000294,0,0,0,0,0,0,package://ZRobot_parts_21dofs24.SLDASM/meshes/L_arm_yaw_link.STL,1,1,1,1,0,0,0,0,0,0,package://ZRobot_parts_21dofs24.SLDASM/meshes/L_arm_yaw_link.STL,,L_up_arm_link-2024-1,L_arm_yaw_link,L_arm_yaw_joint,L_arm_yaw_joint,continuous,-0.0211021299960445,0.00174168132372676,-0.108966355614004,0,0,0,L_shoulder_roll_link,-0.000937057047695522,0.0159787277406135,-0.999871892886224,,,,,,,,,,,,
L_elbow_pitch_link,0.069668,-0.012372,-0.00026295,0,0,0,0.1188,3.1E-05,3E-05,1E-06,0.000273,0,0.000268,0,0,0,0,0,0,package://ZRobot_parts_21dofs24.SLDASM/meshes/L_elbow_pitch_link.STL,0.89804,0.91765,0.92941,1,0,0,0,0,0,0,package://ZRobot_parts_21dofs24.SLDASM/meshes/L_elbow_pitch_link.STL,,小臂-2024-1,L_elbow_pitch_link,L_elbow_pitch_joint,L_elbow_pitch_joint,continuous,0.000566901553395782,0.02062583537445,-0.133688083005685,0,0,0,L_arm_yaw_link,-0.0374306593390553,-0.999172208497632,-0.0159324670848291,,,,,,,,,,,,
R_shoulder_pitch_link,-0.00031457,-0.056857,0.0028261,0,0,0,1.0253,0.001706,-9E-06,-1E-06,0.001019,-2.8E-05,0.001321,0,0,0,0,0,0,package://ZRobot_parts_21dofs24.SLDASM/meshes/R_shoulder_pitch_link.STL,1,1,1,1,0,0,0,0,0,0,package://ZRobot_parts_21dofs24.SLDASM/meshes/R_shoulder_pitch_link.STL,,R_shoulder_roll_link-2024-1,R_shoulder_pitch_link,R_shoulder_pitch_joint,R_shoulder_pitch_joint,continuous,0,-0.127500000000003,0.330000000000001,0,0,0,chest_head_link,0,-1,0,,,,,,,,,,,,
R_shoulder_roll_link,-0.015283,0.0013156,-0.067477,0,0,0,0.5048,0.000639,2E-06,-0.000118,0.000668,5E-06,0.000445,0,0,0,0,0,0,package://ZRobot_parts_21dofs24.SLDASM/meshes/R_shoulder_roll_link.STL,1,1,1,1,0,0,0,0,0,0,package://ZRobot_parts_21dofs24.SLDASM/meshes/R_shoulder_roll_link.STL,,R_shoulder_yaw_link-2024-1,R_shoulder_roll_link,R_shoulder_roll_joint,R_shoulder_roll_joint,continuous,0.020998022706787,-0.0689999999999992,0.00211967978838579,0,0,0,R_shoulder_pitch_link,-0.999999560849825,0,-0.00093717669522402,,,,,,,,,,,,
R_arm_yaw_link,0.00078094,0.0039962,-0.10419,0,0,0,0.5279,0.001065,5E-06,1.4E-05,0.00119,5.2E-05,0.000297,0,0,0,0,0,0,package://ZRobot_parts_21dofs24.SLDASM/meshes/R_arm_yaw_link.STL,1,1,1,1,0,0,0,0,0,0,package://ZRobot_parts_21dofs24.SLDASM/meshes/R_arm_yaw_link.STL,,R_up_arm_link-2024-1,R_arm_yaw_link,R_arm_yaw_joint,R_arm_yaw_joint,continuous,-0.0208978515596245,0.00174167974717687,-0.109005717060395,0,0,0,R_shoulder_roll_link,0.000937057047908586,0.0159787132768956,-0.999871893117365,,,,,,,,,,,,
R_elbow_pitch_link,0.070399,0.0071286,0.00017984,0,0,0,0.1188,2.7E-05,-1.2E-05,0,0.000276,0,0.000268,0,0,0,0,0,0,package://ZRobot_parts_21dofs24.SLDASM/meshes/R_elbow_pitch_link.STL,0.89804,0.91765,0.92941,1,0,0,0,0,0,0,package://ZRobot_parts_21dofs24.SLDASM/meshes/R_elbow_pitch_link.STL,,小臂-2024-2,R_elbow_pitch_link,R_elbow_pitch_joint,R_elbow_pitch_joint,continuous,-0.000566347943474543,-0.0163435382796495,-0.13427888146134,0,0,0,R_arm_yaw_link,0.0374007344799697,0.999172208581159,0.0160025828979922,,,,,,,,,,,,
battery_link,0,-1.3323E-15,0.136,0,0,0,2.704,0.008833,0,0,0.005859,0,0.005859,0,0,0,0,0,0,package://ZRobot_parts_21dofs24.SLDASM/meshes/battery_link.STL,1,1,1,1,0,0,0,0,0,0,package://ZRobot_parts_21dofs24.SLDASM/meshes/battery_link.STL,,电池-1,chest_head_link,Axis_battery_joint,battery_joint,fixed,0,0,0,0,0,0,chest_head_link,0,0,0,,,,,,,,,,,,
